-- phpMyAdmin SQL Dump
-- version 5.1.1
-- https://www.phpmyadmin.net/
--
-- Servidor: 127.0.0.1:3306
-- Tiempo de generación: 23-04-2024 a las 19:52:10
-- Versión del servidor: 10.11.7-MariaDB-cll-lve
-- Versión de PHP: 7.2.34

SET SQL_MODE = "NO_AUTO_VALUE_ON_ZERO";
START TRANSACTION;
SET time_zone = "+00:00";


/*!40101 SET @OLD_CHARACTER_SET_CLIENT=@@CHARACTER_SET_CLIENT */;
/*!40101 SET @OLD_CHARACTER_SET_RESULTS=@@CHARACTER_SET_RESULTS */;
/*!40101 SET @OLD_COLLATION_CONNECTION=@@COLLATION_CONNECTION */;
/*!40101 SET NAMES utf8mb4 */;

--
-- Base de datos: `u186970938_clinica_db`
--

-- --------------------------------------------------------

--
-- Estructura de tabla para la tabla `consultorio`
--

CREATE TABLE `consultorio` (
  `id` int(11) NOT NULL,
  `nombre` varchar(255) DEFAULT NULL,
  `precio` double DEFAULT NULL,
  `id_departamento` int(11) DEFAULT NULL,
  `createdAt` datetime DEFAULT current_timestamp(),
  `updatedAt` datetime DEFAULT current_timestamp()
) ENGINE=InnoDB DEFAULT CHARSET=utf8mb4 COLLATE=utf8mb4_unicode_ci;

--
-- Volcado de datos para la tabla `consultorio`
--

INSERT INTO `consultorio` (`id`, `nombre`, `precio`, `id_departamento`, `createdAt`, `updatedAt`) VALUES
(1, 'SDS', 200, 1, '2024-03-25 22:37:29', '2024-03-25 22:37:29');

-- --------------------------------------------------------

--
-- Estructura de tabla para la tabla `departamento`
--

CREATE TABLE `departamento` (
  `id` int(11) NOT NULL,
  `nombre` varchar(255) DEFAULT NULL,
  `especialidad` varchar(255) DEFAULT NULL,
  `createdAt` datetime DEFAULT current_timestamp(),
  `updatedAt` datetime DEFAULT current_timestamp()
) ENGINE=InnoDB DEFAULT CHARSET=utf8mb4 COLLATE=utf8mb4_unicode_ci;

--
-- Volcado de datos para la tabla `departamento`
--

INSERT INTO `departamento` (`id`, `nombre`, `especialidad`, `createdAt`, `updatedAt`) VALUES
(1, 'Ortopedia', 'sad', '2024-03-25 22:16:29', '2024-03-25 22:17:17'),
(2, 'Vascular', 'sdasdsa', '2024-03-25 22:20:17', '2024-03-25 22:20:17');

-- --------------------------------------------------------

--
-- Estructura de tabla para la tabla `examenes`
--

CREATE TABLE `examenes` (
  `id` int(11) NOT NULL,
  `nombre` varchar(255) DEFAULT NULL,
  `precio` int(11) DEFAULT NULL,
  `createdAt` datetime DEFAULT current_timestamp(),
  `updatedAt` datetime DEFAULT current_timestamp()
) ENGINE=InnoDB DEFAULT CHARSET=utf8mb4 COLLATE=utf8mb4_unicode_ci;

--
-- Volcado de datos para la tabla `examenes`
--

INSERT INTO `examenes` (`id`, `nombre`, `precio`, `createdAt`, `updatedAt`) VALUES
(1, 'Hemograma', NULL, '2024-03-26 21:23:54', '2024-03-26 21:23:54'),
(2, 'Urianalisis', NULL, '2024-03-26 21:23:54', '2024-03-26 21:23:54'),
(3, 'Glucososa de sangre', NULL, '2024-03-26 21:23:54', '2024-03-26 21:23:54');

-- --------------------------------------------------------

--
-- Estructura de tabla para la tabla `examenes_resultados`
--

CREATE TABLE `examenes_resultados` (
  `id` int(11) NOT NULL,
  `paciente_id` int(11) DEFAULT NULL,
  `examenes_id` int(11) DEFAULT NULL,
  `observacion_general` varchar(255) DEFAULT NULL,
  `createdAt` datetime DEFAULT current_timestamp(),
  `updatedAt` datetime DEFAULT current_timestamp(),
  `trabajador_id` int(11) DEFAULT NULL,
  `authenticado` tinyint(4) DEFAULT 0
) ENGINE=InnoDB DEFAULT CHARSET=utf8mb4 COLLATE=utf8mb4_unicode_ci;

--
-- Volcado de datos para la tabla `examenes_resultados`
--

INSERT INTO `examenes_resultados` (`id`, `paciente_id`, `examenes_id`, `observacion_general`, `createdAt`, `updatedAt`, `trabajador_id`, `authenticado`) VALUES
(2, 6, 1, 'Nada fuera de lo normal', '2024-03-26 23:13:42', '2024-03-26 23:13:42', 1, 0),
(3, 6, 1, 'Nada fuera de lo normal', '2024-03-26 23:17:57', '2024-03-26 23:17:57', 1, 0),
(4, 6, 1, 'Edwin reporte', '2024-03-26 23:19:30', '2024-03-26 23:19:30', 1, 0),
(5, 12, 1, 'Creo que es Sida', '2024-04-11 22:51:21', '2024-04-11 22:51:21', 13, 0),
(6, 12, 3, 'sadasdsc', '2024-04-11 23:02:17', '2024-04-11 23:02:17', 13, 0),
(8, 6, 1, 'Future', '2024-04-12 20:23:19', '2024-04-12 20:23:19', 1, 0),
(9, 6, 1, '6th generation', '2024-04-12 20:23:51', '2024-04-12 20:23:51', 1, 0),
(10, 6, 1, 'multi-state', '2024-04-12 20:23:58', '2024-04-12 20:23:58', 1, 0),
(11, 6, 1, 'Garrick13', '2024-04-12 20:24:45', '2024-04-12 20:24:45', 1, 0),
(12, 6, 1, 'Sheldon Romaguera', '2024-04-12 20:24:58', '2024-04-12 20:24:58', 1, 0),
(13, 6, 1, 'Tenetur enim dolor. Vero vel ea est. Voluptatem in molestiae quis. Consectetur voluptatum ipsam placeat aut. Sed non perferendis repellat repellat eligendi repellendus quis velit enim.', '2024-04-12 20:25:53', '2024-04-12 20:25:53', 1, 0),
(14, 54, 1, 'sadsadasdas', '2024-04-17 16:59:10', '2024-04-17 16:59:10', 13, 0),
(15, 54, 1, 'sadsadasdas', '2024-04-17 17:03:47', '2024-04-17 17:03:47', 13, 0),
(16, 42, 2, 'sadasdas', '2024-04-17 18:54:01', '2024-04-17 18:54:01', 13, 0),
(17, 42, 2, 'sadasdas', '2024-04-17 18:55:01', '2024-04-17 18:55:01', 13, 0),
(18, 42, 2, 'sadasdas', '2024-04-17 19:06:09', '2024-04-17 19:06:09', 13, 0),
(19, 42, 2, 'sadasdas', '2024-04-17 19:17:56', '2024-04-17 19:17:56', 13, 0),
(20, 42, 2, 'sadasdas', '2024-04-17 19:27:44', '2024-04-17 19:27:44', 13, 0),
(21, 42, 2, 'sadasdas', '2024-04-17 19:32:33', '2024-04-17 19:32:33', 13, 0),
(22, 47, 1, 'asdasdasdas', '2024-04-17 22:04:53', '2024-04-17 22:04:53', 13, 0),
(23, 47, 1, 'asdasdasdas', '2024-04-17 22:05:56', '2024-04-17 22:05:56', 13, 0),
(24, 47, 1, 'asdasdasdas', '2024-04-17 22:06:44', '2024-04-17 22:06:44', 13, 0),
(25, 47, 1, 'asdasdasdas', '2024-04-17 22:18:00', '2024-04-17 22:18:00', 13, 0),
(26, 47, 1, 'asdasdasdas', '2024-04-17 22:19:25', '2024-04-17 22:19:25', 13, 0),
(27, 47, 1, 'asdasdasdas', '2024-04-17 22:19:26', '2024-04-17 22:19:26', 13, 0),
(28, 47, 1, 'asdasdasdas', '2024-04-17 22:37:35', '2024-04-17 22:37:35', 13, 0),
(29, 47, 1, 'asdasdasdas', '2024-04-17 22:53:06', '2024-04-17 22:53:06', 13, 0),
(30, 47, 1, 'asdasdasdas', '2024-04-17 22:54:30', '2024-04-17 22:54:30', 13, 0),
(31, 47, 1, 'asdasdasdas', '2024-04-17 23:11:33', '2024-04-17 23:11:33', 13, 0),
(32, 47, 1, 'asdasdasdas', '2024-04-17 23:12:13', '2024-04-17 23:12:13', 13, 0),
(33, 47, 1, 'asdasdasdas', '2024-04-17 23:18:22', '2024-04-17 23:18:22', 13, 0),
(34, 47, 1, 'asdasdasdas', '2024-04-17 23:21:10', '2024-04-17 23:21:10', 13, 0),
(35, 47, 1, 'asdasdasdas', '2024-04-17 23:24:14', '2024-04-17 23:24:14', 13, 0),
(36, 47, 1, 'asdasdasdas', '2024-04-17 23:30:53', '2024-04-17 23:30:53', 13, 0),
(37, 47, 1, 'asdasdasdas', '2024-04-17 23:32:01', '2024-04-17 23:32:01', 13, 0),
(38, 47, 1, 'asdasdasdas', '2024-04-17 23:33:46', '2024-04-17 23:33:46', 13, 0),
(39, 47, 1, 'asdasdasdas', '2024-04-17 23:35:08', '2024-04-17 23:35:08', 13, 0),
(40, 47, 1, 'asdasdasdas', '2024-04-17 23:35:58', '2024-04-17 23:35:58', 13, 0),
(41, 47, 1, 'asdasdasdas', '2024-04-17 23:37:08', '2024-04-17 23:37:08', 13, 0),
(42, 47, 1, 'asdasdasdas', '2024-04-17 23:40:23', '2024-04-17 23:40:23', 13, 0),
(43, 47, 1, 'asdasdasdas', '2024-04-17 23:41:59', '2024-04-17 23:41:59', 13, 0),
(44, 47, 1, 'asdasdasdas', '2024-04-17 23:43:45', '2024-04-17 23:43:45', 13, 0),
(45, 47, 1, 'asdasdasdas', '2024-04-17 23:44:23', '2024-04-17 23:44:23', 13, 0),
(46, 47, 1, 'asdasdasdas', '2024-04-17 23:45:28', '2024-04-17 23:45:28', 13, 0),
(47, 47, 1, 'asdasdasdas', '2024-04-17 23:46:25', '2024-04-17 23:46:25', 13, 0),
(48, 47, 1, 'asdasdasdas', '2024-04-17 23:47:18', '2024-04-17 23:47:18', 13, 0),
(49, 47, 1, 'asdasdasdas', '2024-04-17 23:49:25', '2024-04-17 23:49:25', 13, 0),
(50, 47, 1, 'asdasdasdas', '2024-04-17 23:49:25', '2024-04-17 23:49:25', 13, 0),
(51, 47, 1, 'asdasdasdas', '2024-04-17 23:50:46', '2024-04-17 23:50:46', 13, 0),
(52, 47, 1, 'asdasdasdas', '2024-04-17 23:52:50', '2024-04-17 23:52:50', 13, 0),
(53, 47, 1, 'asdasdasdas', '2024-04-17 23:54:10', '2024-04-17 23:54:10', 13, 0),
(54, 47, 1, 'asdasdasdas', '2024-04-17 23:54:50', '2024-04-17 23:54:50', 13, 0),
(55, 47, 1, 'asdasdasdas', '2024-04-17 23:55:51', '2024-04-17 23:55:51', 13, 0),
(56, 47, 1, 'asdasdasdas', '2024-04-17 23:56:26', '2024-04-17 23:56:26', 13, 0),
(57, 47, 1, 'asdasdasdas', '2024-04-17 23:56:49', '2024-04-17 23:56:49', 13, 0),
(58, 47, 1, 'asdasdasdas', '2024-04-17 23:57:41', '2024-04-17 23:57:41', 13, 0),
(59, 47, 1, 'asdasdasdas', '2024-04-17 23:58:09', '2024-04-17 23:58:09', 13, 0),
(60, 47, 1, 'asdasdasdas', '2024-04-17 23:59:24', '2024-04-17 23:59:24', 13, 0),
(61, 47, 1, 'asdasdasdas', '2024-04-17 23:59:59', '2024-04-17 23:59:59', 13, 0),
(62, 74, 2, 'sadsadasda', '2024-04-18 00:52:38', '2024-04-18 00:52:38', 13, 0),
(63, 74, 2, 'sadsadasda', '2024-04-18 00:54:02', '2024-04-18 00:54:02', 13, 0),
(64, 74, 2, 'sadsadasda', '2024-04-18 01:05:38', '2024-04-18 01:05:38', 13, 0),
(65, 74, 2, 'sadsadasda', '2024-04-18 01:07:15', '2024-04-18 01:07:15', 13, 0),
(66, 74, 2, 'sadsadasda', '2024-04-18 01:08:46', '2024-04-18 01:08:46', 13, 0),
(67, 74, 2, 'sadsadasda', '2024-04-18 01:10:19', '2024-04-18 01:10:19', 13, 0),
(68, 93, 1, 'saddfasdasd', '2024-04-18 01:36:08', '2024-04-18 01:36:08', 13, 0),
(69, 93, 1, 'saddfasdasd', '2024-04-18 01:36:32', '2024-04-18 01:36:32', 13, 0),
(70, 93, 1, 'sadsadasdasdasd', '2024-04-18 01:47:11', '2024-04-18 01:47:11', 13, 0),
(71, 93, 1, 'sadsadasdasdasd', '2024-04-18 01:47:39', '2024-04-18 01:47:39', 13, 0),
(72, 93, 3, 'sadsad', '2024-04-18 01:49:52', '2024-04-18 01:49:52', 13, 0),
(73, 93, 3, 'sadsad', '2024-04-18 01:50:27', '2024-04-18 01:50:27', 13, 0),
(74, 93, 1, 'asdasdasd', '2024-04-18 01:57:45', '2024-04-18 01:57:45', 13, 0),
(75, 93, 1, 'sadasdas', '2024-04-18 02:00:26', '2024-04-18 02:00:26', 13, 0),
(76, 93, 1, 'sadasdas', '2024-04-18 02:02:02', '2024-04-18 02:02:02', 13, 0),
(77, 93, 1, 'sadasdas', '2024-04-18 02:05:52', '2024-04-18 02:05:52', 13, 0),
(78, 9, 1, 'sadasdsa', '2024-04-18 15:34:03', '2024-04-18 15:34:03', 13, 0),
(79, 93, 1, 'sadasdsa', '2024-04-18 15:34:57', '2024-04-18 15:34:57', 13, 0),
(80, 92, 1, 'grdg', '2024-04-18 17:30:22', '2024-04-18 17:30:22', 13, 0),
(81, 92, 1, 'grdg', '2024-04-18 17:31:36', '2024-04-18 17:31:36', 13, 0),
(82, 94, 2, 'Observacion', '2024-04-19 22:09:16', '2024-04-19 22:09:16', 13, 0),
(83, 94, 2, 'Observacion', '2024-04-19 22:09:55', '2024-04-19 22:09:55', 13, 0);

-- --------------------------------------------------------

--
-- Estructura de tabla para la tabla `factura`
--

CREATE TABLE `factura` (
  `id` int(11) NOT NULL,
  `paciente_id` int(11) DEFAULT NULL,
  `trabajador_id` int(11) DEFAULT NULL,
  `habitacion_id` int(11) DEFAULT NULL,
  `observacion_id` int(11) DEFAULT NULL,
  `consultorio_id` int(11) DEFAULT NULL,
  `estadia` int(11) DEFAULT NULL,
  `subtotal` double DEFAULT NULL,
  `total` double DEFAULT NULL,
  `metodo_de_pago` varchar(255) DEFAULT NULL,
  `createdAt` datetime DEFAULT current_timestamp(),
  `updatedAt` datetime DEFAULT current_timestamp(),
  `facturado` tinyint(4) DEFAULT 0
) ENGINE=InnoDB DEFAULT CHARSET=utf8mb4 COLLATE=utf8mb4_unicode_ci;

--
-- Volcado de datos para la tabla `factura`
--

INSERT INTO `factura` (`id`, `paciente_id`, `trabajador_id`, `habitacion_id`, `observacion_id`, `consultorio_id`, `estadia`, `subtotal`, `total`, `metodo_de_pago`, `createdAt`, `updatedAt`, `facturado`) VALUES
(6, 6, 1, 1, 3, 1, 2, 200, 400, 'Card', '2024-03-25 22:30:07', '2024-03-27 05:02:05', 1),
(7, 27, 1, NULL, NULL, NULL, 1, 1250, 1437.5, 'N/A', '2024-03-26 22:39:25', '2024-03-26 22:39:25', 0),
(8, 27, 1, NULL, NULL, NULL, 1, 1250, 1437.5, 'N/A', '2024-03-26 22:41:51', '2024-03-27 05:02:33', 1),
(9, 27, 9, NULL, NULL, NULL, 1, 1250, 1437.5, 'N/A', '2024-04-11 04:58:36', '2024-04-11 04:58:36', 0),
(10, 27, 9, NULL, NULL, NULL, 1, 1250, 1437.5, 'N/A', '2024-04-11 05:02:08', '2024-04-11 05:02:08', 0),
(11, 27, 9, NULL, NULL, NULL, 1, 1250, 1437.5, 'N/A', '2024-04-11 05:10:27', '2024-04-11 05:10:27', 0),
(12, 27, 9, NULL, NULL, NULL, 1, 1250, 1437.5, 'N/A', '2024-04-11 05:11:15', '2024-04-11 05:11:15', 0),
(13, 27, 9, NULL, NULL, NULL, 1, 1250, 1437.5, 'N/A', '2024-04-11 05:12:58', '2024-04-11 05:12:58', 0),
(14, 12, 9, NULL, NULL, NULL, 1, 1250, 1437.5, 'N/A', '2024-04-11 05:14:07', '2024-04-11 05:14:07', 0),
(15, 74, 9, NULL, NULL, NULL, 1, 1250, 1437.5, 'N/A', '2024-04-18 00:52:37', '2024-04-18 00:52:37', 0),
(16, 74, 9, NULL, NULL, NULL, 1, 1250, 1437.5, 'N/A', '2024-04-18 00:54:02', '2024-04-18 00:54:02', 0),
(17, 74, 9, NULL, NULL, NULL, 3, 1250, 3937.5, 'N/A', '2024-04-18 01:05:37', '2024-04-18 01:05:37', 0),
(18, 74, 9, NULL, NULL, NULL, 3, 1250, 3937.5, 'N/A', '2024-04-18 01:05:38', '2024-04-18 01:05:38', 0),
(19, 74, 9, NULL, NULL, NULL, 4, 1250, 5187.5, 'N/A', '2024-04-18 01:07:15', '2024-04-18 01:07:15', 0),
(20, 74, 9, NULL, NULL, NULL, 4, 1250, 5187.5, 'N/A', '2024-04-18 01:07:16', '2024-04-18 01:07:16', 0),
(21, 74, 9, NULL, NULL, NULL, 5, 1250, 6437.5, 'N/A', '2024-04-18 01:08:45', '2024-04-18 01:08:45', 0),
(22, 74, 9, NULL, NULL, NULL, 6, 1250, 7687.5, 'N/A', '2024-04-18 01:10:19', '2024-04-18 01:10:19', 0),
(23, 93, 9, NULL, NULL, NULL, 2, 2500, 2687.5, 'N/A', '2024-04-18 01:36:28', '2024-04-18 01:36:28', 0),
(24, 93, 9, NULL, NULL, NULL, 3, 3750, 3937.5, 'N/A', '2024-04-18 01:47:09', '2024-04-18 01:47:09', 0),
(25, 93, 9, NULL, NULL, NULL, 4, 5000, 5187.5, 'N/A', '2024-04-18 01:47:38', '2024-04-18 01:47:38', 0),
(26, 93, 9, NULL, NULL, NULL, 5, 6250, 6437.5, 'N/A', '2024-04-18 01:49:52', '2024-04-18 01:49:52', 0),
(27, 93, 9, NULL, NULL, NULL, 6, 7500, 7687.5, 'N/A', '2024-04-18 01:50:27', '2024-04-18 01:50:27', 0),
(28, 93, 9, NULL, NULL, NULL, 7, 8750, 8937.5, 'N/A', '2024-04-18 01:57:41', '2024-04-18 01:57:41', 0),
(29, 93, 9, NULL, NULL, NULL, 8, 10000, 10187.5, 'N/A', '2024-04-18 02:00:25', '2024-04-18 02:00:25', 0),
(30, 93, 9, NULL, NULL, NULL, 1, 1250, 1437.5, 'N/A', '2024-04-18 02:01:57', '2024-04-18 02:01:57', 0),
(31, 93, 9, NULL, NULL, NULL, 1, 1250, 1437.5, 'N/A', '2024-04-18 02:05:51', '2024-04-18 02:05:51', 0),
(32, 9, 9, NULL, NULL, NULL, 1, 1250, 1437.5, 'N/A', '2024-04-18 15:33:59', '2024-04-18 15:33:59', 0),
(33, 93, 9, NULL, NULL, NULL, 1, 1250, 1437.5, 'N/A', '2024-04-18 15:34:55', '2024-04-18 15:34:55', 0),
(34, 92, 9, NULL, NULL, NULL, 2, 2500, 2687.5, 'N/A', '2024-04-18 17:31:30', '2024-04-18 17:31:30', 0),
(35, 94, 9, NULL, NULL, NULL, 2, 2500, 2687.5, 'N/A', '2024-04-19 22:09:51', '2024-04-19 22:09:51', 0);

-- --------------------------------------------------------

--
-- Estructura de tabla para la tabla `habitacion`
--

CREATE TABLE `habitacion` (
  `id` int(11) NOT NULL,
  `nombre` varchar(255) DEFAULT NULL,
  `cantidad_camas` int(11) DEFAULT NULL,
  `precio_por_dia` int(11) DEFAULT NULL,
  `createdAt` datetime DEFAULT current_timestamp(),
  `updatedAt` datetime DEFAULT current_timestamp()
) ENGINE=InnoDB DEFAULT CHARSET=utf8mb4 COLLATE=utf8mb4_unicode_ci;

--
-- Volcado de datos para la tabla `habitacion`
--

INSERT INTO `habitacion` (`id`, `nombre`, `cantidad_camas`, `precio_por_dia`, `createdAt`, `updatedAt`) VALUES
(1, 'Materno', 200, 400, '2024-03-25 22:26:43', '2024-03-25 22:26:43');

-- --------------------------------------------------------

--
-- Estructura de tabla para la tabla `historial_medico`
--

CREATE TABLE `historial_medico` (
  `id` int(11) NOT NULL,
  `id_paciente` int(11) DEFAULT NULL,
  `id_profesion` int(11) DEFAULT NULL,
  `diagnostico` varchar(255) DEFAULT NULL,
  `tratamiento` varchar(255) DEFAULT NULL,
  `createdAt` datetime DEFAULT current_timestamp(),
  `updatedAt` datetime DEFAULT current_timestamp()
) ENGINE=InnoDB DEFAULT CHARSET=utf8mb4 COLLATE=utf8mb4_unicode_ci;

--
-- Volcado de datos para la tabla `historial_medico`
--

INSERT INTO `historial_medico` (`id`, `id_paciente`, `id_profesion`, `diagnostico`, `tratamiento`, `createdAt`, `updatedAt`) VALUES
(1, 6, 1, 'SIDA', 'ACETAMINOFEN', '2024-03-25 22:58:47', '2024-03-25 22:58:47'),
(2, 6, NULL, 'Gonorrea', 'Pastilla Azul', '2024-03-27 04:15:37', '2024-03-27 04:15:37'),
(3, 6, NULL, 'Holaaa', 'Alfametildopa, Loratadina', '2024-04-12 20:31:39', '2024-04-12 20:31:39'),
(4, 6, NULL, 'Plastic', 'Alfametildopa, Loratadina', '2024-04-12 20:32:04', '2024-04-12 20:32:04'),
(5, 6, NULL, 'Deserunt quod ut et ut. Et at omnis natus omnis quis ut. Sapiente nihil consequatur debitis.', 'Alfametildopa, Loratadina', '2024-04-12 20:32:12', '2024-04-12 20:32:12'),
(7, 36, NULL, 'sdasdsa', 'sadasdsa', '2024-04-12 20:49:23', '2024-04-12 20:49:23'),
(8, 13, NULL, 'Sida de en potencia', 'Pisar mas', '2024-04-12 20:49:59', '2024-04-12 20:49:59'),
(9, 13, NULL, 'sadsad', 'asdasd', '2024-04-12 20:50:58', '2024-04-12 20:50:58'),
(10, 44, NULL, 'sadsad', 'asdsad', '2024-04-12 20:51:13', '2024-04-12 20:51:13'),
(11, 53, NULL, 'Gonorrea', 'Pastillas del dia Siguiente.', '2024-04-12 20:52:11', '2024-04-12 20:52:11'),
(12, 37, NULL, 'asdssad', 'sadsa', '2024-04-12 20:57:44', '2024-04-12 20:57:44'),
(13, 13, NULL, 'sdsa', 'sadas', '2024-04-12 20:58:10', '2024-04-12 20:58:10'),
(14, 36, NULL, '', '', '2024-04-12 20:59:16', '2024-04-12 20:59:16'),
(15, 81, NULL, 'TIene Epatitis', 'Acetaminofen', '2024-04-12 21:00:11', '2024-04-12 21:00:11'),
(20, 12, NULL, 'dssdasdsa', 'asdsadas', '2024-04-12 21:33:14', '2024-04-12 21:33:14'),
(21, 6, NULL, 'Est tempora ea cupiditate ab doloremque beatae. Ut consectetur id quidem saepe velit earum quia suscipit. Fuga architecto est commodi nihil perspiciatis. Recusandae veritatis nihil ut cum qui fugit. Omnis eligendi aliquam quo. Delectus culpa sit.', 'Alfametildopa, Loratadina', '2024-04-12 23:59:17', '2024-04-12 23:59:17'),
(22, 12, NULL, '24sadas', 'sadas', '2024-04-13 00:02:04', '2024-04-13 00:02:04'),
(23, 70, NULL, 'ujkilbguikjhgbjk', ' Ingresar Tratamihnjklhbnkjento', '2024-04-13 20:16:21', '2024-04-13 20:16:21'),
(24, 44, NULL, 'sadsad', 'asdsadsa', '2024-04-14 20:54:37', '2024-04-14 20:54:37'),
(25, 6, NULL, 'sadasdasdasd', 'Alfametildopa, Loratadina', '2024-04-18 22:46:58', '2024-04-18 22:46:58'),
(26, 6, NULL, 'Amigio', 'Alfametildopa, Loratadina', '2024-04-18 22:47:09', '2024-04-18 22:47:09'),
(27, 6, NULL, 'asdsadasdawsdasdas', 'Alfametildopa, Loratadina', '2024-04-18 22:47:42', '2024-04-18 22:47:42'),
(29, 6, NULL, 'asdsadasdawsdasdas', 'Alfametildopa, Loratadina', '2024-04-18 22:52:44', '2024-04-18 22:52:44'),
(30, 6, NULL, 'asdsadasdawsdasdas', 'Alfametildopa, Loratadina', '2024-04-18 22:53:02', '2024-04-18 22:53:02'),
(31, 6, NULL, 'dddd', 'ae22dda11d68d51015fd0a3b10b44349:455a23f84b2e0e8409dcf12585b3b99b61e62800728628dfeff2dbcb26bdd61a', '2024-04-19 06:54:50', '2024-04-19 06:54:50'),
(32, 6, NULL, 'dddd2', '2b02c25622f81a5855d77d05373487bd:55587114615c42d55e01891cb0cdf540e5f9130c8450037812dcdb3b1d81397d', '2024-04-19 07:04:02', '2024-04-19 07:04:02'),
(33, 6, NULL, 'dddd3', '05a54e1696fe3eaa0a6e1ab72c0a5f86:e5bd425f2788409df51921feef81a8d90c2d650ec4a626f4605f98d9b2752c08', '2024-04-19 07:05:32', '2024-04-19 07:05:32'),
(34, 6, NULL, 'dddd3', '75a9eb0b32291dd95539750f32447382:39126565bf180538f7f864b95ddcd11dbf41516d98ba5d241304bab734c460f6', '2024-04-19 16:19:26', '2024-04-19 16:19:26'),
(35, 6, NULL, '64e2a5de25fa4f83214630703e52d0d7:adbe7ad0b2441488c1f6f5d4f3ca37aaada7f6d1855b0ee36e9605703ae1ad869c6102b11a6a4a5f0fe1f9a7eb510a5e', 'Acetaminofen', '2024-04-19 20:02:22', '2024-04-19 20:02:22'),
(36, 6, NULL, '854b29378076b4d2fd5ba35583df6e82:dbc743b49e146a4a5f312764c0b939810cd693f7bcb8011b2c9a424f9bfe29b8', 'Acetaminofen', '2024-04-19 20:15:07', '2024-04-19 20:15:07');

-- --------------------------------------------------------

--
-- Estructura de tabla para la tabla `observacion`
--

CREATE TABLE `observacion` (
  `id` int(11) NOT NULL,
  `paciente_id` int(11) DEFAULT NULL,
  `trabajador_id` int(11) DEFAULT NULL,
  `createdAt` datetime DEFAULT current_timestamp(),
  `updatedAt` datetime DEFAULT current_timestamp(),
  `habitacion_id` int(11) DEFAULT NULL
) ENGINE=InnoDB DEFAULT CHARSET=utf8mb4 COLLATE=utf8mb4_unicode_ci;

--
-- Volcado de datos para la tabla `observacion`
--

INSERT INTO `observacion` (`id`, `paciente_id`, `trabajador_id`, `createdAt`, `updatedAt`, `habitacion_id`) VALUES
(3, 6, 1, '2024-03-25 22:27:08', '2024-03-25 22:27:08', 1),
(4, 27, 1, '2024-03-26 22:10:02', '2024-03-26 22:10:02', 1),
(5, 27, 1, '2024-03-26 22:17:13', '2024-03-26 22:17:13', 1),
(6, 27, 1, '2024-03-26 22:23:55', '2024-03-26 22:23:55', 1),
(7, 27, 1, '2024-03-26 22:27:10', '2024-03-26 22:27:10', 1),
(8, 27, 1, '2024-03-26 22:37:44', '2024-03-26 22:37:44', 1),
(9, 27, 1, '2024-03-26 22:38:15', '2024-03-26 22:38:15', 1),
(12, 78, 9, '2024-04-10 22:54:53', '2024-04-10 22:54:53', 1),
(13, 76, 9, '2024-04-10 23:03:29', '2024-04-10 23:03:29', 1),
(14, 76, 9, '2024-04-10 23:05:25', '2024-04-10 23:05:25', 1),
(15, 76, 9, '2024-04-10 23:09:10', '2024-04-10 23:09:10', 1),
(16, 43, 9, '2024-04-10 23:09:40', '2024-04-10 23:09:40', 1),
(17, 39, 9, '2024-04-10 23:13:30', '2024-04-10 23:13:30', 1),
(18, 38, 9, '2024-04-11 04:38:32', '2024-04-11 04:38:32', 1),
(19, 9, 9, '2024-04-11 04:39:06', '2024-04-11 04:39:06', 1),
(20, 13, 9, '2024-04-11 04:40:16', '2024-04-11 04:40:16', 1),
(21, 13, 9, '2024-04-11 04:42:57', '2024-04-11 04:42:57', 1),
(22, 13, 9, '2024-04-11 04:43:34', '2024-04-11 04:43:34', 1),
(23, 13, 9, '2024-04-11 04:43:53', '2024-04-11 04:43:53', 1),
(24, 31, 9, '2024-04-11 04:46:16', '2024-04-11 04:46:16', 1),
(25, 31, 9, '2024-04-11 04:49:19', '2024-04-11 04:49:19', 1),
(26, 31, 9, '2024-04-11 04:52:30', '2024-04-11 04:52:30', 1),
(27, 31, 9, '2024-04-11 04:53:41', '2024-04-11 04:53:41', 1),
(28, 31, 9, '2024-04-11 04:55:46', '2024-04-11 04:55:46', 1),
(29, 31, 9, '2024-04-11 04:56:34', '2024-04-11 04:56:34', 1),
(30, 48, 9, '2024-04-11 05:02:03', '2024-04-11 05:02:03', 1),
(31, 66, 9, '2024-04-11 05:03:53', '2024-04-11 05:03:53', 1),
(32, 66, 9, '2024-04-11 05:05:17', '2024-04-11 05:05:17', 1),
(33, 66, 9, '2024-04-11 05:05:50', '2024-04-11 05:05:50', 1),
(34, 66, 9, '2024-04-11 05:06:20', '2024-04-11 05:06:20', 1),
(35, 66, 9, '2024-04-11 05:06:52', '2024-04-11 05:06:52', 1),
(37, 12, 9, '2024-04-11 05:11:50', '2024-04-11 05:11:50', 1),
(38, 6, 9, '2024-04-11 19:51:08', '2024-04-11 19:51:08', 1),
(39, 48, 9, '2024-04-11 22:49:51', '2024-04-11 22:49:51', 1),
(40, 12, 9, '2024-04-11 22:51:20', '2024-04-11 22:51:20', 1),
(41, 12, 9, '2024-04-11 23:02:17', '2024-04-11 23:02:17', 1),
(42, 45, 9, '2024-04-11 23:02:59', '2024-04-11 23:02:59', 1),
(43, 40, 9, '2024-04-11 23:04:03', '2024-04-11 23:04:03', 1),
(44, 54, 9, '2024-04-17 16:57:57', '2024-04-17 16:57:57', 1),
(45, 54, 9, '2024-04-17 16:59:03', '2024-04-17 16:59:03', 1),
(46, 54, 9, '2024-04-17 17:03:40', '2024-04-17 17:03:40', 1),
(47, 54, 9, '2024-04-17 17:16:45', '2024-04-17 17:16:45', 1),
(48, 54, 9, '2024-04-17 17:17:33', '2024-04-17 17:17:33', 1),
(49, 54, 9, '2024-04-17 17:21:28', '2024-04-17 17:21:28', 1),
(50, 42, 9, '2024-04-17 18:50:57', '2024-04-17 18:50:57', 1),
(51, 42, 9, '2024-04-17 18:52:32', '2024-04-17 18:52:32', 1),
(52, 42, 9, '2024-04-17 18:54:00', '2024-04-17 18:54:00', 1),
(53, 42, 9, '2024-04-17 18:55:00', '2024-04-17 18:55:00', 1),
(54, 42, 9, '2024-04-17 19:06:09', '2024-04-17 19:06:09', 1),
(55, 42, 9, '2024-04-17 19:17:56', '2024-04-17 19:17:56', 1),
(56, 42, 9, '2024-04-17 19:27:43', '2024-04-17 19:27:43', 1),
(57, 42, 9, '2024-04-17 19:32:33', '2024-04-17 19:32:33', 1),
(58, 47, 9, '2024-04-17 22:04:53', '2024-04-17 22:04:53', 1),
(59, 47, 9, '2024-04-17 22:05:55', '2024-04-17 22:05:55', 1),
(60, 47, 9, '2024-04-17 22:06:43', '2024-04-17 22:06:43', 1),
(61, 47, 9, '2024-04-17 22:10:22', '2024-04-17 22:10:22', 1),
(62, 47, 9, '2024-04-17 22:11:50', '2024-04-17 22:11:50', 1),
(63, 47, 9, '2024-04-17 22:18:00', '2024-04-17 22:18:00', 1),
(64, 47, 9, '2024-04-17 22:19:25', '2024-04-17 22:19:25', 1),
(65, 47, 9, '2024-04-17 22:19:25', '2024-04-17 22:19:25', 1),
(66, 47, 9, '2024-04-17 22:37:34', '2024-04-17 22:37:34', 1),
(67, 47, 9, '2024-04-17 22:41:34', '2024-04-17 22:41:34', 1),
(68, 47, 9, '2024-04-17 22:43:26', '2024-04-17 22:43:26', 1),
(69, 47, 9, '2024-04-17 22:45:06', '2024-04-17 22:45:06', 1),
(70, 47, 9, '2024-04-17 22:47:17', '2024-04-17 22:47:17', 1),
(71, 47, 9, '2024-04-17 22:49:02', '2024-04-17 22:49:02', 1),
(72, 47, 9, '2024-04-17 22:53:06', '2024-04-17 22:53:06', 1),
(73, 47, 9, '2024-04-17 22:54:30', '2024-04-17 22:54:30', 1),
(74, 47, 9, '2024-04-17 22:56:03', '2024-04-17 22:56:03', 1),
(75, 47, 9, '2024-04-17 22:56:49', '2024-04-17 22:56:49', 1),
(76, 47, 9, '2024-04-17 22:58:07', '2024-04-17 22:58:07', 1),
(77, 47, 9, '2024-04-17 22:58:36', '2024-04-17 22:58:36', 1),
(78, 47, 9, '2024-04-17 23:11:32', '2024-04-17 23:11:32', 1),
(79, 47, 9, '2024-04-17 23:12:13', '2024-04-17 23:12:13', 1),
(80, 47, 9, '2024-04-17 23:13:16', '2024-04-17 23:13:16', 1),
(81, 47, 9, '2024-04-17 23:15:09', '2024-04-17 23:15:09', 1),
(82, 47, 9, '2024-04-17 23:18:21', '2024-04-17 23:18:21', 1),
(83, 47, 9, '2024-04-17 23:21:09', '2024-04-17 23:21:09', 1),
(84, 47, 9, '2024-04-17 23:24:13', '2024-04-17 23:24:13', 1),
(85, 47, 9, '2024-04-17 23:30:52', '2024-04-17 23:30:52', 1),
(86, 47, 9, '2024-04-17 23:32:00', '2024-04-17 23:32:00', 1),
(87, 47, 9, '2024-04-17 23:33:45', '2024-04-17 23:33:45', 1),
(88, 47, 9, '2024-04-17 23:35:07', '2024-04-17 23:35:07', 1),
(89, 47, 9, '2024-04-17 23:35:57', '2024-04-17 23:35:57', 1),
(90, 47, 9, '2024-04-17 23:37:07', '2024-04-17 23:37:07', 1),
(91, 47, 9, '2024-04-17 23:40:22', '2024-04-17 23:40:22', 1),
(92, 47, 9, '2024-04-17 23:41:58', '2024-04-17 23:41:58', 1),
(93, 47, 9, '2024-04-17 23:43:44', '2024-04-17 23:43:44', 1),
(94, 47, 9, '2024-04-17 23:44:22', '2024-04-17 23:44:22', 1),
(95, 47, 9, '2024-04-17 23:45:27', '2024-04-17 23:45:27', 1),
(96, 47, 9, '2024-04-17 23:46:25', '2024-04-17 23:46:25', 1),
(97, 47, 9, '2024-04-17 23:47:17', '2024-04-17 23:47:17', 1),
(98, 47, 9, '2024-04-17 23:49:24', '2024-04-17 23:49:24', 1),
(99, 47, 9, '2024-04-17 23:49:24', '2024-04-17 23:49:24', 1),
(100, 47, 9, '2024-04-17 23:50:46', '2024-04-17 23:50:46', 1),
(101, 47, 9, '2024-04-17 23:52:49', '2024-04-17 23:52:49', 1),
(102, 47, 9, '2024-04-17 23:54:09', '2024-04-17 23:54:09', 1),
(103, 47, 9, '2024-04-17 23:54:49', '2024-04-17 23:54:49', 1),
(104, 47, 9, '2024-04-17 23:55:51', '2024-04-17 23:55:51', 1),
(105, 47, 9, '2024-04-17 23:56:25', '2024-04-17 23:56:25', 1),
(106, 47, 9, '2024-04-17 23:56:48', '2024-04-17 23:56:48', 1),
(107, 47, 9, '2024-04-17 23:57:41', '2024-04-17 23:57:41', 1),
(108, 47, 9, '2024-04-17 23:58:08', '2024-04-17 23:58:08', 1),
(109, 47, 9, '2024-04-17 23:59:24', '2024-04-17 23:59:24', 1),
(110, 47, 9, '2024-04-17 23:59:59', '2024-04-17 23:59:59', 1),
(111, 74, 9, '2024-04-18 00:52:37', '2024-04-18 00:52:37', 1),
(112, 74, 9, '2024-04-18 00:54:02', '2024-04-18 00:54:02', 1),
(113, 74, 9, '2024-04-18 01:08:45', '2024-04-18 01:08:45', 1),
(114, 74, 9, '2024-04-18 01:10:18', '2024-04-18 01:10:18', 1),
(115, 93, 9, '2024-04-18 01:36:06', '2024-04-18 01:36:06', 1),
(116, 92, 9, '2024-04-18 17:30:21', '2024-04-18 17:30:21', 1),
(118, 94, 9, '2024-04-19 22:09:16', '2024-04-19 22:09:16', 1);

-- --------------------------------------------------------

--
-- Estructura de tabla para la tabla `pacientes`
--

CREATE TABLE `pacientes` (
  `id` int(11) NOT NULL,
  `dni` varchar(255) NOT NULL,
  `nombre` varchar(255) DEFAULT NULL,
  `direccion` varchar(255) DEFAULT NULL,
  `email` varchar(255) NOT NULL,
  `tipoSangreId` int(11) DEFAULT NULL,
  `birthDay` datetime DEFAULT NULL,
  `createdAt` datetime DEFAULT current_timestamp(),
  `updatedAt` datetime DEFAULT current_timestamp(),
  `leido_por_auxiliar_medico` tinyint(4) DEFAULT 0
) ENGINE=InnoDB DEFAULT CHARSET=utf8mb4 COLLATE=utf8mb4_unicode_ci;

--
-- Volcado de datos para la tabla `pacientes`
--

INSERT INTO `pacientes` (`id`, `dni`, `nombre`, `direccion`, `email`, `tipoSangreId`, `birthDay`, `createdAt`, `updatedAt`, `leido_por_auxiliar_medico`) VALUES
(6, '0601', 'Jesus', 'asdssa', 'luis@google.com', 1, NULL, '2024-03-25 06:03:33', '2024-03-25 06:03:33', 0),
(9, '0601200103315', 'Jesus', 'SDASDSADAS', 'luis@google.org', NULL, NULL, '2024-03-26 06:27:32', '2024-03-26 06:27:32', 0),
(12, '060120030315', 'Eswin', 'SDASDSADAS', 'luis1@google.org', 3, NULL, '2024-03-26 06:47:24', '2024-03-26 06:47:24', 0),
(13, '0601200103316', 'Jesus', 'SDASDSADAS', 'luis1@google.co', 4, NULL, '2024-03-26 06:47:44', '2024-03-26 06:47:44', 0),
(15, '0601200103318', 'Jesus', 'SDASDSADAS', 'luis1@goog.co', 1, NULL, '2024-03-26 06:48:06', '2024-03-26 06:48:06', 0),
(16, '0601200103312', 'Jesus', 'SDASDSADAS', 'luis1@go.co', 1, NULL, '2024-03-26 06:48:53', '2024-03-26 06:48:53', 1),
(20, '0601200103311', 'Jesus', 'SDASDSADAS', 'luisasd@gg.co', 1, NULL, '2024-03-26 06:50:06', '2024-03-26 06:50:06', 0),
(22, '060120010331233', 'Jesus', 'SDASDSADAS', 'luisasd@sadas.co', 1, NULL, '2024-03-26 06:51:09', '2024-03-26 06:51:09', 0),
(23, '0601200103312323233', 'Jesus', 'SDASDSADAS', 'luisasd@sadasssda.co', 1, NULL, '2024-03-26 06:51:41', '2024-03-26 06:51:41', 0),
(25, '06012001033123232311113', 'Jesus', 'SDASDSADAS', 'jesus@sadassdasssda.co', 4, NULL, '2024-03-26 07:10:17', '2024-03-26 07:10:17', 0),
(27, '060120010331232323111233413', 'Jesus', 'SDASDSADAS', 'jesus@sadassdassadassda.co', 3, NULL, '2024-03-26 07:18:26', '2024-03-26 07:18:26', 1),
(28, '1709199900762', 'Edwin Corrales Bustilo', 'Barrio CP', 'Edwincorrales@gmail.com', 9, NULL, '2024-03-26 19:58:21', '2024-03-26 19:58:21', 0),
(29, '54443444', 'Edwin PRUEBA 2', 'Barrio CP', 'edwinprueba1@gmail.com', 9, NULL, '2024-04-02 06:08:44', '2024-04-02 06:08:44', 0),
(30, '3343312324', 'Edwin PRUEBA 2', 'Barrio CP', 'edwinprueba2@gmail.com', 9, NULL, '2024-04-02 06:09:31', '2024-04-02 06:09:31', 0),
(31, '3566546546546546', 'Edwin PRUEBA 3', 'Barrio CP', 'edwinprueba3@gmail.com', 9, NULL, '2024-04-02 06:11:03', '2024-04-02 06:11:03', 0),
(32, '2342432432432', 'Edwin PRUEBA 6', 'Barrio CP', 'edwinprueba4@gmail.com', 9, NULL, '2024-04-02 06:11:43', '2024-04-02 06:11:43', 0),
(33, '233432432432', 'Edwin PRUEBA 5', 'Barrio CP', 'edwinprueba5@gmail.com', 9, NULL, '2024-04-02 06:15:08', '2024-04-02 06:15:08', 0),
(34, '43432432432432432', 'Edwin PRUEBA 7', 'Barrio CP', 'edwinprueba7@gmail.com', 9, NULL, '2024-04-02 06:15:49', '2024-04-02 06:15:49', 0),
(35, '4343243243243243277', 'Edwin PRUEBA 7', 'Barrio CP', 'edwinprueba8@gmail.com', 9, NULL, '2024-04-02 06:39:36', '2024-04-02 06:39:36', 0),
(36, '434324324324324327722', 'Edwin PRUEBA 7', 'Barrio CP', 'edwinprueba9@gmail.com', 9, NULL, '2024-04-02 06:41:08', '2024-04-02 06:41:08', 0),
(37, '4343243243243243277222', 'Edwin PRUEBA 7', 'Barrio CP', 'edwinprueba10@gmail.com', 9, NULL, '2024-04-02 06:42:15', '2024-04-02 06:42:15', 0),
(38, '43432432432432423277222', 'Edwin PRUEBA 7', 'Barrio CP', 'edwinprueba11@gmail.com', 9, NULL, '2024-04-02 06:43:55', '2024-04-02 06:43:55', 0),
(39, '434324324324324232772222', 'Edwin PRUEBA 7', 'Barrio CP', 'edwinprueba12@gmail.com', 9, NULL, '2024-04-02 06:48:43', '2024-04-02 06:48:43', 0),
(40, '43432432432432423277222256', 'Edwin PRUEBA 13', 'Barrio CP', 'edwinprueba13@gmail.com', 9, NULL, '2024-04-02 15:53:24', '2024-04-02 15:53:24', 0),
(41, '4343243243243242327722222256', 'Edwin PRUEBA 13', 'Barrio CP', 'edwinprueba14@gmail.com', 9, NULL, '2024-04-02 15:57:16', '2024-04-02 15:57:16', 0),
(42, '434324324324324232772222232256', 'Edwin PRUEBA 15', 'Barrio CP', 'edwinprueba15@gmail.com', 9, NULL, '2024-04-02 15:57:36', '2024-04-02 15:57:36', 0),
(43, '4343243243243242327722522232256', 'Edwin PRUEBA 16', 'Barrio CP', 'edwinprueba16@gmail.com', 9, NULL, '2024-04-02 15:59:16', '2024-04-02 15:59:16', 0),
(44, '4343243243243242327754422522232256', 'Edwin PRUEBA 17', 'Barrio CP', 'edwinprueba17@gmail.com', 9, NULL, '2024-04-02 15:59:42', '2024-04-02 15:59:42', 0),
(45, '4343243243243242327754422532322232256', 'Edwin PRUEBA 18', 'Barrio CP', 'edwinprueba18@gmail.com', 9, NULL, '2024-04-02 16:00:17', '2024-04-02 16:00:17', 0),
(46, '434333243243243242327754422532322232256', 'Edwin PRUEBA 19', 'Barrio CP', 'edwinprueba19@gmail.com', 9, NULL, '2024-04-02 16:01:11', '2024-04-02 16:01:11', 0),
(47, '434333243243243444242327754422532322232256', 'Edwin PRUEBA 20', 'Barrio CP', 'edwinprueba20@gmail.com', 9, NULL, '2024-04-02 16:02:37', '2024-04-02 16:02:37', 0),
(48, '43433324324324344424232775433422532322232256', 'Edwin PRUEBA 21', 'Barrio CP', 'edwinprueba21@gmail.com', 9, NULL, '2024-04-02 16:08:44', '2024-04-02 16:08:44', 0),
(49, '4343332432432434442423272275433422532322232256', 'Edwin PRUEBA 22', 'Barrio CP', 'edwinprueba22@gmail.com', 9, NULL, '2024-04-02 16:11:50', '2024-04-02 16:11:50', 0),
(50, '43433324324324342442423272275433422532322232256', 'Edwin PRUEBA 23', 'Barrio CP', 'edwinprueba23@gmail.com', 9, NULL, '2024-04-02 16:14:02', '2024-04-02 16:14:02', 0),
(51, '434333243243243342442423272275433422532322232256', 'Edwin PRUEBA 24', 'Barrio CP', 'edwinprueba24@gmail.com', 9, NULL, '2024-04-02 17:16:05', '2024-04-02 17:16:05', 0),
(52, '4343332432243243342442423272275433422532322232256', 'Edwin PRUEBA 25', 'Barrio CP', 'edwinprueba25@gmail.com', 9, NULL, '2024-04-02 17:16:50', '2024-04-02 17:16:50', 0),
(53, '43433324322432433424422423272275433422532322232256', 'Edwin PRUEBA 26', 'Barrio CP', 'edwinprueba26@gmail.com', 9, NULL, '2024-04-02 17:19:03', '2024-04-02 17:19:03', 0),
(54, '434333243224324334244222423272275433422532322232256', 'Edwin PRUEBA 27', 'Barrio CP', 'edwinprueba27@gmail.com', 9, NULL, '2024-04-02 17:19:56', '2024-04-02 17:19:56', 0),
(55, '4343332432243243342442222423272275433422532322232256', 'Edwin PRUEBA 28', 'Barrio CP', 'edwinprueba28@gmail.com', 9, NULL, '2024-04-02 17:23:04', '2024-04-02 17:23:04', 0),
(56, '43433324322432433422442222423272275433422532322232256', 'Edwin PRUEBA 29', 'Barrio CP', 'edwinprueba29@gmail.com', 9, NULL, '2024-04-02 17:27:58', '2024-04-02 17:27:58', 0),
(57, '434333243224324334224242222423272275433422532322232256', 'Edwin PRUEBA 30', 'Barrio CP', 'edwinprueba30@gmail.com', 9, NULL, '2024-04-02 17:30:39', '2024-04-02 17:30:39', 0),
(58, '4343332432243243342224242222423272275433422532322232256', 'Edwin PRUEBA 31', 'Barrio CP', 'edwinprueba31@gmail.com', 9, NULL, '2024-04-02 17:36:32', '2024-04-02 17:36:32', 0),
(59, '43433324322432433422242242222423272275433422532322232256', 'Edwin PRUEBA 31', 'Barrio CP', 'edwinprueba32@gmail.com', 9, NULL, '2024-04-02 17:43:26', '2024-04-02 17:43:26', 0),
(60, '434333243224324334222242242222423272275433422532322232256', 'Edwin PRUEBA 33', 'Barrio CP', 'edwinprueba33@gmail.com', 9, NULL, '2024-04-02 18:08:58', '2024-04-02 18:08:58', 0),
(61, '4343332432243243342232242242222423272275433422532322232256', 'Edwin PRUEBA 34', 'Barrio CP', 'edwinprueba34@gmail.com', 9, NULL, '2024-04-02 18:15:11', '2024-04-02 18:15:11', 0),
(62, '43433324322432432342232242242222423272275433422532322232256', 'Edwin PRUEBA 35', 'Barrio CP', 'edwinprueba35@gmail.com', 9, NULL, '2024-04-02 18:21:32', '2024-04-02 18:21:32', 0),
(63, '434333243224324232342232242242222423272275433422532322232256', 'Edwin PRUEBA 35', 'Barrio CP', 'edwinprueba36@gmail.com', 9, NULL, '2024-04-02 21:08:02', '2024-04-02 21:08:02', 0),
(64, '4343332243224324232342232242242222423272275433422532322232256', 'Edwin PRUEBA 35', 'Barrio CP', 'edwinprueba37@gmail.com', 9, NULL, '2024-04-02 21:08:34', '2024-04-02 21:08:34', 0),
(65, '43433322432243242232342232242242222423272275433422532322232256', 'Edwin PRUEBA 35', 'Barrio CP', 'edwinprueba38@gmail.com', 9, NULL, '2024-04-02 21:16:04', '2024-04-02 21:16:04', 0),
(66, '4343332243224322452232342232242242222423272275433422532322232256', 'Edwin PRUEBA 38', 'Barrio CP', 'edwinprueba39@gmail.com', 9, NULL, '2024-04-02 21:22:13', '2024-04-02 21:22:13', 0),
(67, '43433322432224322452232342232242242222423272275433422532322232256', 'Edwin PRUEBA 38', 'Barrio CP', 'edwinprueba40@gmail.com', 9, NULL, '2024-04-02 21:22:51', '2024-04-02 21:22:51', 0),
(68, '4343332243222432245223234223224224222242327227543342225323222322256', 'Edwin PRUEBA 38', 'Barrio CP', 'edwinprueba41@gmail.com', 9, NULL, '2024-04-02 21:23:10', '2024-04-02 21:23:10', 0),
(69, '434333224322241232245223234223224224222242327227543342225323222322256', 'Edwin PRUEBA 38', 'Barrio CP', 'edwinprueba42@gmail.com', 9, NULL, '2024-04-02 21:41:25', '2024-04-02 21:41:25', 0),
(70, '4343332243222412322452232342232242242222423272275433422253232222322256', 'Edwin PRUEBA 38', 'Barrio CP', 'edwinprueba43@gmail.com', 9, NULL, '2024-04-02 21:45:00', '2024-04-02 21:45:00', 0),
(71, '43433322432224123224522323422322422422224232722754334222532322222322256', 'Margoth Bustillo', 'Barrio CP', 'edwinprueba44@gmail.com', 9, NULL, '2024-04-02 22:37:24', '2024-04-02 22:37:24', 0),
(72, '434333224322241223224522323422322422422224232722754334222532322222322256', 'Edwin Corrales', 'Barrio CP', 'edwinprueba45@gmail.com', 9, NULL, '2024-04-03 01:23:31', '2024-04-03 01:23:31', 0),
(73, '4343332243222412232245223234223224224222242327227543342225323222222322256', 'Edwin Corrales', 'Barrio CP', 'edwinprueba46@gmail.com', 9, NULL, '2024-04-03 01:24:42', '2024-04-03 01:24:42', 0),
(74, '43433322432222412232245223234223224224222242327227543342225323222222322256', 'Edwin Corrales', 'Barrio CP', 'edwinprueba47@gmail.com', 9, NULL, '2024-04-03 01:24:59', '2024-04-03 01:24:59', 0),
(75, '434333224322224122322452232342232242242222423272275143342225323222222322256', 'Edwin Corrales', 'Barrio CP', 'edwinprueba48@gmail.com', 9, NULL, '2024-04-03 01:25:43', '2024-04-03 01:25:43', 0),
(76, '4343332243222241122322452232342232242242222423272275143342225323222222322256', 'Edwin Corrales', 'Barrio CP', 'edwinprueba49@gmail.com', 9, NULL, '2024-04-03 01:26:07', '2024-04-03 01:26:07', 0),
(77, '43431332243222241122322452232342232242242222423272275143342225323222222322256', 'Edwin Corrales', 'Barrio CP', 'edwinprueba50@gmail.com', 9, NULL, '2024-04-03 01:27:45', '2024-04-03 01:27:45', 0),
(78, '434313312243222241122322452232342232242242222423272275143342225323222222322256', 'Edwin Corrales', 'Barrio CP', 'edwinprueba51@gmail.com', 9, NULL, '2024-04-03 06:10:26', '2024-04-03 06:10:26', 0),
(80, '2333', 'Luis Reyes Prueba', 'Barrio Alegria', 'luisprueba29@google.com', 3, NULL, '2024-04-12 17:29:17', '2024-04-12 17:29:17', 0),
(81, '0609200305031', 'Luis de Jesus Reyes Nolasco Prueba', 'Barrio Alegria', 'luij@google.com', 3, NULL, '2024-04-12 20:16:11', '2024-04-12 20:16:11', 0),
(82, '060920013231', 'Luis de Jesus 2001', 'Ba', 'luis78@google.com', 9, NULL, '2024-04-12 20:17:53', '2024-04-12 20:17:53', 0),
(83, '', '', '', '', NULL, NULL, '2024-04-13 05:48:31', '2024-04-13 05:48:31', 0),
(84, '23213123', 'asdasd', 'asdsad', 'sadsad@gmail.com', 1, NULL, '2024-04-13 06:12:39', '2024-04-13 06:12:39', 0),
(85, '34324', 'sadcsa', 'xcxzc', 'zxcxzxzczx@google.com', 2, NULL, '2024-04-13 06:26:32', '2024-04-13 06:26:32', 0),
(86, '324324', '3dasdsad', 'sadsad', 'sadsa@gmail.com', 2, NULL, '2024-04-13 06:38:50', '2024-04-13 06:38:50', 0),
(87, '3432432', 'sdsad', 'sadsadasd', 'sadsa@google.com', 2, NULL, '2024-04-13 06:39:22', '2024-04-13 06:39:22', 0),
(88, '43534543', 'Luis de jesus', 'Barrio Alegria', 'asdas@google.com', 8, NULL, '2024-04-13 20:17:47', '2024-04-13 20:17:47', 0),
(89, '0601200103', 'Vfssfvsfvsd', 'fscsdccadc', 'www.edwinantonio40@gmail.com', 3, NULL, '2024-04-13 21:04:16', '2024-04-13 21:04:16', 0),
(90, '06092003012324', 'Prueba Error ', 'Prueba Error ', 'pruebaerror@google.com', 2, NULL, '2024-04-17 00:32:11', '2024-04-17 00:32:11', 0),
(91, '06090200305678', 'Prueba error 2', 'Prueba error 2', 'pruebaerror2@google.com', 7, NULL, '2024-04-17 00:36:03', '2024-04-17 00:36:03', 0),
(92, '0601199900762', 'Josue Dabiv aguilar', 'b. las vegas', 'jd@gmail.com', 2, NULL, '2024-04-17 02:11:35', '2024-04-17 02:11:35', 0),
(93, '060920032123', 'Luis HN 22', 'sassa', 'luishn22@yopmail.com', 4, NULL, '2024-04-18 01:34:55', '2024-04-18 01:34:55', 0),
(94, '0609200354321', 'Jose Mario Vargas', 'Barrio el Centro', 'josevargasg75@gmail.com', 6, NULL, '2024-04-19 22:08:27', '2024-04-19 22:08:27', 0);

-- --------------------------------------------------------

--
-- Estructura de tabla para la tabla `profesiones`
--

CREATE TABLE `profesiones` (
  `id` int(11) NOT NULL,
  `nombre` varchar(255) DEFAULT NULL,
  `createdAt` datetime DEFAULT current_timestamp(),
  `updatedAt` datetime DEFAULT current_timestamp()
) ENGINE=InnoDB DEFAULT CHARSET=utf8mb4 COLLATE=utf8mb4_unicode_ci;

--
-- Volcado de datos para la tabla `profesiones`
--

INSERT INTO `profesiones` (`id`, `nombre`, `createdAt`, `updatedAt`) VALUES
(1, 'Doctor', '2024-03-25 22:25:44', '2024-03-25 22:25:44'),
(2, 'Recepcionista', '2024-03-26 05:06:37', '2024-03-26 05:06:37'),
(3, 'Auxiliar Medico', '2024-03-26 05:06:38', '2024-03-26 05:06:38');

-- --------------------------------------------------------

--
-- Estructura de tabla para la tabla `reporte`
--

CREATE TABLE `reporte` (
  `id` int(11) NOT NULL,
  `id_factura` int(11) DEFAULT NULL,
  `createdAt` datetime DEFAULT current_timestamp(),
  `updatedAt` datetime DEFAULT current_timestamp()
) ENGINE=InnoDB DEFAULT CHARSET=utf8mb4 COLLATE=utf8mb4_unicode_ci;

--
-- Volcado de datos para la tabla `reporte`
--

INSERT INTO `reporte` (`id`, `id_factura`, `createdAt`, `updatedAt`) VALUES
(1, 6, '2024-03-25 23:37:55', '2024-03-25 23:37:55');

-- --------------------------------------------------------

--
-- Estructura de tabla para la tabla `roles_trabajadores`
--

CREATE TABLE `roles_trabajadores` (
  `id` int(11) NOT NULL,
  `nombre` varchar(255) DEFAULT NULL,
  `createdAt` datetime DEFAULT current_timestamp(),
  `updatedAt` datetime DEFAULT current_timestamp()
) ENGINE=InnoDB DEFAULT CHARSET=utf8mb4 COLLATE=utf8mb4_unicode_ci;

--
-- Volcado de datos para la tabla `roles_trabajadores`
--

INSERT INTO `roles_trabajadores` (`id`, `nombre`, `createdAt`, `updatedAt`) VALUES
(1, 'user', '2024-03-25 22:25:06', '2024-03-25 22:25:06'),
(2, 'admin', '2024-03-25 22:25:23', '2024-03-25 22:25:23'),
(3, 'super-admin', '2024-03-25 22:25:23', '2024-03-25 22:25:23');

-- --------------------------------------------------------

--
-- Estructura de tabla para la tabla `signos_vitales`
--

CREATE TABLE `signos_vitales` (
  `id` int(11) NOT NULL,
  `paciente_id` int(11) DEFAULT NULL,
  `frecuencia_cardiaca` int(11) DEFAULT NULL,
  `presion_arterial` int(11) DEFAULT NULL,
  `frecuencia_respiratoria` int(11) DEFAULT NULL,
  `temperatura` int(11) DEFAULT NULL,
  `oxigeno` int(11) DEFAULT NULL,
  `observacion_general` varchar(255) DEFAULT NULL,
  `createdAt` datetime DEFAULT current_timestamp(),
  `updatedAt` datetime DEFAULT current_timestamp(),
  `leido_por_doctor` tinyint(4) DEFAULT 0
) ENGINE=InnoDB DEFAULT CHARSET=utf8mb4 COLLATE=utf8mb4_unicode_ci;

--
-- Volcado de datos para la tabla `signos_vitales`
--

INSERT INTO `signos_vitales` (`id`, `paciente_id`, `frecuencia_cardiaca`, `presion_arterial`, `frecuencia_respiratoria`, `temperatura`, `oxigeno`, `observacion_general`, `createdAt`, `updatedAt`, `leido_por_doctor`) VALUES
(1, 6, 98, 120, 111, 23, 100, 'No mantiene malas anomalias', '2024-03-26 00:02:06', '2024-04-21 04:38:19', 1),
(2, 28, 120, 80, 90, 37, 90, 'NO se reporto anomalias', '2024-03-26 21:54:52', '2024-04-13 21:48:10', 1),
(3, 27, 20, 80, 90, 37, 90, 'NO se reporto anomalias', '2024-03-26 22:09:46', '2024-04-13 21:48:10', 1),
(4, 27, 20, 80, 90, 37, 90, 'NO se reporto anomalias', '2024-03-26 22:10:02', '2024-04-13 21:48:10', 1),
(5, 27, 30, 80, 90, 37, 90, 'NO se reporto anomalias', '2024-03-26 22:17:12', '2024-04-13 21:48:10', 1),
(6, 27, 75, 120, 13, 40, 95, 'Reporte nuevo', '2024-03-26 22:23:54', '2024-04-13 21:48:10', 1),
(7, 27, 70, 120, 13, 36, 95, 'Reporte nuevo!!!', '2024-03-26 22:25:01', '2024-04-13 21:48:10', 1),
(8, 27, 70, 190, 13, 36, 95, 'Reporte nuevo!!!', '2024-03-26 22:27:09', '2024-04-13 21:48:10', 1),
(9, 27, 70, 125, 13, 36, 95, 'Reporte nuevo!!!', '2024-03-26 22:37:43', '2024-04-13 21:48:11', 1),
(10, 27, 70, 125, 13, 37, 95, 'Reporte nuevo!!!', '2024-03-26 22:38:14', '2024-04-13 21:48:11', 1),
(11, 27, 70, 119, 13, 37, 95, 'Reporte nuevo!!!', '2024-03-26 22:39:25', '2024-04-13 21:48:11', 1),
(12, 27, 70, 119, 13, 37, 95, 'Reporte nuevo!!!', '2024-03-26 22:41:51', '2024-04-13 21:48:11', 1),
(16, 76, 23, 23, 23, 2134, 98, 'sadsadasd', '2024-04-10 23:03:28', '2024-04-13 21:48:11', 1),
(17, 76, 23, 23, 23, 2134, 98, 'sadsadasd', '2024-04-10 23:05:25', '2024-04-13 21:48:11', 1),
(18, 76, 23, 23, 23, 2134, 98, 'sadsadasd', '2024-04-10 23:09:10', '2024-04-17 02:10:43', 1),
(19, 43, 234, 234, 234, 24, 324, 'dasfdf', '2024-04-10 23:09:40', '2024-04-13 21:48:11', 1),
(20, 39, 234, 535, 234, 345, 34, 'dffddfdsf', '2024-04-10 23:13:30', '2024-04-13 21:48:11', 1),
(21, 38, 98, 120, 98, 37, 98, 'Observacion desde Emergencia', '2024-04-11 04:38:32', '2024-04-13 21:48:11', 1),
(22, 9, 55, 120, 55, 37, 98, 'Observacion desde Emergencia', '2024-04-11 04:39:06', '2024-04-18 15:33:59', 1),
(23, 13, 55, 118, 55, 37, 98, 'Observacion desde Emergencia', '2024-04-11 04:40:16', '2024-04-13 21:48:11', 1),
(24, 13, 55, 118, 55, 37, 98, 'Observacion desde Emergencia', '2024-04-11 04:42:57', '2024-04-13 21:48:11', 1),
(25, 13, 55, 118, 55, 38, 98, 'Observacion desde Emergencia', '2024-04-11 04:43:34', '2024-04-13 21:48:11', 1),
(26, 13, 55, 118, 55, 38, 98, 'Observacion desde Emergencia', '2024-04-11 04:43:53', '2024-04-13 21:48:11', 1),
(27, 31, 88, 118, 88, 38, 98, 'Observacion desde Emergencia', '2024-04-11 04:46:16', '2024-04-13 21:48:11', 1),
(28, 31, 88, 118, 88, 37, 98, 'Observacion desde Emergencia', '2024-04-11 04:49:19', '2024-04-13 21:48:11', 1),
(29, 31, 112, 130, 112, 39, 98, 'Observacion desde Emergencia', '2024-04-11 04:52:30', '2024-04-13 21:48:11', 1),
(30, 31, 112, 130, 112, 39, 98, 'Observacion desde Emergencia', '2024-04-11 04:53:41', '2024-04-13 21:48:11', 1),
(31, 31, 70, 119, 70, 37, 95, 'Observacion desde Emergencia', '2024-04-11 04:55:45', '2024-04-13 21:48:11', 1),
(32, 31, 70, 119, 70, 37, 95, 'Observacion desde Emergencia', '2024-04-11 04:56:34', '2024-04-13 21:48:11', 1),
(33, 27, 70, 119, 13, 37, 95, 'Reporte nuevo!!!', '2024-04-11 04:58:36', '2024-04-13 21:48:11', 1),
(34, 48, 70, 119, 70, 37, 95, 'Observacion desde Emergencia', '2024-04-11 05:02:02', '2024-04-13 21:48:11', 1),
(35, 27, 70, 119, 13, 37, 95, 'Reporte nuevo!!!', '2024-04-11 05:02:08', '2024-04-13 21:48:11', 1),
(36, 66, 70, 119, 70, 37, 95, 'Observacion desde Emergencia', '2024-04-11 05:03:52', '2024-04-13 21:48:11', 1),
(37, 66, 70, 119, 70, 37, 95, 'Observacion desde Emergencia', '2024-04-11 05:05:17', '2024-04-13 21:48:11', 1),
(38, 66, 70, 119, 70, 37, 95, 'Observacion desde Emergencia', '2024-04-11 05:05:50', '2024-04-13 21:48:11', 1),
(39, 66, 70, 119, 70, 37, 95, 'Observacion desde Emergencia', '2024-04-11 05:06:20', '2024-04-13 21:48:11', 1),
(40, 66, 70, 119, 70, 37, 95, 'Observacion desde Emergencia', '2024-04-11 05:06:52', '2024-04-13 21:48:11', 1),
(119, 47, 22, 222, 333, 23, 223, '33asdawsdads', '2024-04-17 23:59:23', '2024-04-17 23:59:23', 0),
(120, 47, 22, 222, 333, 23, 223, 'NO se reporto anomalias', '2024-04-17 23:59:59', '2024-04-17 23:59:59', 0),
(121, 74, 2345, 232, 23342, 223, 332, 'sadasdas', '2024-04-18 00:52:37', '2024-04-18 00:52:37', 0),
(122, 74, 2345, 232, 23342, 223, 332, 'sadasdas', '2024-04-18 00:54:01', '2024-04-18 00:54:01', 0),
(123, 74, 2345, 232, 23342, 223, 332, 'sadasdas', '2024-04-18 01:05:37', '2024-04-18 01:05:37', 0),
(124, 74, 2345, 232, 23342, 223, 332, 'sadasdas', '2024-04-18 01:07:14', '2024-04-18 01:07:14', 0),
(125, 74, 2345, 232, 23342, 223, 332, 'sadasdas', '2024-04-18 01:08:45', '2024-04-18 01:08:45', 0),
(126, 74, 2345, 232, 23342, 223, 332, 'sadasdas', '2024-04-18 01:10:18', '2024-04-18 01:10:18', 0),
(127, 93, 100, 120, 20, 38, 95, 'Sida Total', '2024-04-18 01:36:06', '2024-04-18 15:34:55', 1),
(128, 93, 98, 120, 20, 38, 95, 'Sida Total', '2024-04-18 01:36:28', '2024-04-18 15:34:55', 1),
(129, 93, 98, 120, 19, 37, 98, 'Nada', '2024-04-18 01:47:09', '2024-04-18 15:34:55', 1),
(130, 93, 98, 120, 19, 37, 98, 'Nada', '2024-04-18 01:47:38', '2024-04-18 15:34:55', 1),
(131, 93, 98, 120, 19, 37, 98, 'NADAA', '2024-04-18 01:49:51', '2024-04-18 15:34:55', 1),
(132, 93, 98, 120, 19, 37, 98, 'NADAA', '2024-04-18 01:50:26', '2024-04-18 15:34:55', 1),
(133, 93, 95, 120, 17, 37, 98, 'asdsa', '2024-04-18 01:57:41', '2024-04-18 15:34:55', 1),
(134, 93, 70, 120, 17, 37, 98, 'asdasdsa', '2024-04-18 02:00:24', '2024-04-18 15:34:55', 1),
(135, 93, 70, 120, 17, 37, 98, 'asdasdsa', '2024-04-18 02:01:57', '2024-04-18 15:34:55', 1),
(136, 93, 70, 120, 17, 37, 98, 'asdasdsa', '2024-04-18 02:05:50', '2024-04-18 15:34:55', 1),
(137, 9, 98, 120, 19, 37, 98, 'Prueba de Observaciones', '2024-04-18 15:33:59', '2024-04-18 15:33:59', 1),
(138, 93, 98, 120, 19, 37, 98, 'Prueba de Observaciones', '2024-04-18 15:34:55', '2024-04-18 15:34:55', 1),
(139, 92, 342, 333, 3233, 44, 53, 'rgdfg', '2024-04-18 17:30:21', '2024-04-18 17:31:31', 1),
(140, 92, 98, 120, 19, 37, 98, 'Prueba Observacion', '2024-04-18 17:31:30', '2024-04-18 17:31:31', 1),
(142, 94, 543, 120, 234, 38, 98, 'Muy mal por los momentos', '2024-04-19 22:09:16', '2024-04-19 22:09:51', 1),
(143, 94, 78, 120, 12, 37, 98, 'Mas o menos', '2024-04-19 22:09:51', '2024-04-19 22:09:51', 1);

-- --------------------------------------------------------

--
-- Estructura de tabla para la tabla `tipoSangre`
--

CREATE TABLE `tipoSangre` (
  `id` int(11) NOT NULL,
  `nombre` varchar(255) DEFAULT NULL,
  `createdAt` datetime DEFAULT current_timestamp(),
  `updatedAt` datetime DEFAULT current_timestamp()
) ENGINE=InnoDB DEFAULT CHARSET=utf8mb4 COLLATE=utf8mb4_unicode_ci;

--
-- Volcado de datos para la tabla `tipoSangre`
--

INSERT INTO `tipoSangre` (`id`, `nombre`, `createdAt`, `updatedAt`) VALUES
(1, 'O+', '2024-03-25 05:53:35', '2024-03-25 05:53:35'),
(2, 'O-', '2024-03-25 05:53:44', '2024-03-25 05:53:44'),
(3, 'A+', '2024-03-26 17:57:39', '2024-03-26 17:57:39'),
(4, 'A-', '2024-03-26 17:57:40', '2024-03-26 17:57:40'),
(6, 'B+', '2024-03-26 19:55:18', '2024-03-26 19:55:18'),
(7, 'B-', '2024-03-26 19:56:17', '2024-03-26 19:56:17'),
(8, 'AB-', '2024-03-26 19:56:17', '2024-03-26 19:56:17'),
(9, 'AB+', '2024-03-26 19:56:17', '2024-03-26 19:56:17');

-- --------------------------------------------------------

--
-- Estructura de tabla para la tabla `trabajadores`
--

CREATE TABLE `trabajadores` (
  `id` int(11) NOT NULL,
  `dni` varchar(255) NOT NULL,
  `nombre` varchar(255) DEFAULT NULL,
  `direccion` varchar(255) DEFAULT NULL,
  `email` varchar(255) NOT NULL,
  `password` varchar(255) DEFAULT NULL,
  `tipoSangreId` int(11) DEFAULT NULL,
  `profesionId` int(11) DEFAULT NULL,
  `roleId` int(11) DEFAULT NULL,
  `createdAt` datetime DEFAULT current_timestamp(),
  `updatedAt` datetime DEFAULT current_timestamp()
) ENGINE=InnoDB DEFAULT CHARSET=utf8mb4 COLLATE=utf8mb4_unicode_ci;

--
-- Volcado de datos para la tabla `trabajadores`
--

INSERT INTO `trabajadores` (`id`, `dni`, `nombre`, `direccion`, `email`, `password`, `tipoSangreId`, `profesionId`, `roleId`, `createdAt`, `updatedAt`) VALUES
(1, '1709199900763', 'Edwin Corrales', 'B Campo Luna', 'eacorrales@uth.hn', 'EdwinC11', 1, 2, 3, '2024-03-25 22:26:06', '2024-03-25 22:26:06'),
(9, '231321432', 'sadsad', 'asdas', 'asdasd', 'sadasd', 2, 3, 3, '2024-04-09 22:44:40', '2024-04-09 22:44:40'),
(10, '221321312', 'sadsadccs', 'asdcsadsa', 'sacdsadsa', 'ascsadasc', 2, 2, 1, '2024-04-09 22:57:32', '2024-04-09 22:57:32'),
(11, '324324', 'dsdfasd', 'asdasd', 'asdasdsa', 'asdsadasd', 3, 3, 2, '2024-04-09 23:01:36', '2024-04-09 23:01:36'),
(12, '324234324', 'sdacfasdsad', 'sadcsadsad', 'asdsadasdsa@gmail.com', 'sdndakjsndjklsand', 3, 2, 3, '2024-04-09 23:11:58', '2024-04-09 23:11:58'),
(13, '0601200103315', 'Jhonny leveron', 'luisdejeus2001@gmail.com', 'luisdejeus2001@gmail.com', '12345678', 3, 1, 1, '2024-04-09 23:13:04', '2024-04-09 23:13:04'),
(15, '3234243', 'sadsadas', 'asdasdasd@gotmm.com', 'asdasdasd@gotmm.com', 'asdsadsadasd', 2, 1, 1, '2024-04-09 23:14:53', '2024-04-09 23:14:53'),
(16, '0534322', 'Ignacio Miravalle', 'Barrio Alegria', 'luisdejesus200122@gmail.com', '1234567890', 4, 1, 2, '2024-04-09 23:15:20', '2024-04-09 23:15:20'),
(17, '483903284039', 'Luis Reyes', '123', 'sadsa@google.com', 'asjdlksankldas', 3, 3, 1, '2024-04-09 23:19:48', '2024-04-09 23:19:48'),
(18, '23213213', 'sadassadsad', 'sadsadasd', 'sadsadas@goo.com', 'sajmdsalkdjhsnaikl2', 3, 2, 1, '2024-04-09 23:20:25', '2024-04-09 23:20:25'),
(19, '21321321321321321', 'asdscxsdxascsa', 'asfcsadsadd', 'luisdejesus200122@gmail.org', '123456789', 3, 2, 1, '2024-04-10 00:52:44', '2024-04-10 00:52:44'),
(20, '343243', 'sadasds', 'asdasd', 'dsfsa@google.com', 'asd,sa;ldmas;lkmd', 3, 1, 2, '2024-04-10 01:18:43', '2024-04-10 01:18:43'),
(21, '3244324324', 'sdsadasd', 'sadasdscadasd', 'luisdejssu20012@x.com', '$2a$10$mIW8V0jZrVaS5cMoBLRTAOHICzIe4GWZP4MAY2hMLPVCT0W44XY/a', 3, 1, 2, '2024-04-10 06:22:12', '2024-04-10 06:22:12'),
(22, '06098238233213', 'prueba Contrasena', 'contra', 'pruebacontra@google.com', '$2a$10$qXS1RVlrGMkKJO7YwZ5od.9xi32qu9ZnNZfclQIKODsJqzR5A3CcW', 2, 2, 1, '2024-04-10 06:26:31', '2024-04-10 06:26:31'),
(24, '0608933213', 'Edwin prueba 20', 'asdasdas', 'eddinwp20@google.com', '$2a$10$8W6Z1OY3.7JMCq/q8VqrT.RdYiWRpf8jCKPKTtJKpHz2WKElUqC7i', 2, 1, 3, '2024-04-13 22:39:34', '2024-04-13 22:39:34'),
(27, '0609200132145', 'Luis de Jeuss', 'assdasd', 'luisreyes@google.com', '$2a$10$0jTy9BsLoVUAIpJOTNJz6ujjGqOTfP6.631oHezcMYn.gfmzE58ey', 1, 1, 3, '2024-04-14 21:09:32', '2024-04-14 21:09:32'),
(29, '1709199900762', 'Edwin Corrales', 'barrio campo luna', 'eacorralesr@uth.es', '$2a$10$ZmlEYPNx9FFbax2.0.XXWOl6PAUQ1aA9LbqRYm52OXTy84/nxI2FO', 3, 2, 3, '2024-04-16 21:55:07', '2024-04-16 21:55:07'),
(30, '06092002354534', 'Prueba error ', 'Prueba error ', 'pruebaerror@google.com', '$2a$10$vpLNJT1UK0d86Fi0ZCOr7.EOXNjLFJTV4d35Kemv/pI.awB9B5a1.', 1, 1, 3, '2024-04-17 00:37:32', '2024-04-17 00:37:32'),
(31, '0601198700872', 'Gerardo Portillo', 'Tegucigalpa', 'gerardo.portillo@uth.hn', '$2a$10$EdA8MhdDmz9JoMSHEixsk.eNEAMDaNmpVEoIuBenAChIgAlUSBAi6', 2, 1, 3, '2024-04-17 02:31:56', '2024-04-17 02:31:56'),
(32, '0609200343422', 'Luis HN22', 'Barrio ALEGRIA', 'luishn22@yopmail.com', '$2a$10$J/.VZyZrHMtkMLH5FG5Fq.kIoikzqTBOkncrsyPex4goMM6eTFFT.', 1, 1, 3, '2024-04-18 01:31:49', '2024-04-18 01:31:49');

--
-- Índices para tablas volcadas
--

--
-- Indices de la tabla `consultorio`
--
ALTER TABLE `consultorio`
  ADD PRIMARY KEY (`id`),
  ADD KEY `id_departamento` (`id_departamento`);

--
-- Indices de la tabla `departamento`
--
ALTER TABLE `departamento`
  ADD PRIMARY KEY (`id`);

--
-- Indices de la tabla `examenes`
--
ALTER TABLE `examenes`
  ADD PRIMARY KEY (`id`);

--
-- Indices de la tabla `examenes_resultados`
--
ALTER TABLE `examenes_resultados`
  ADD PRIMARY KEY (`id`),
  ADD KEY `paciente_id` (`paciente_id`),
  ADD KEY `trabajador_id` (`trabajador_id`),
  ADD KEY `examenes_id` (`examenes_id`);

--
-- Indices de la tabla `factura`
--
ALTER TABLE `factura`
  ADD PRIMARY KEY (`id`),
  ADD KEY `paciente_id` (`paciente_id`),
  ADD KEY `trabajador_id` (`trabajador_id`),
  ADD KEY `habitacion_id` (`habitacion_id`),
  ADD KEY `observacion_id` (`observacion_id`),
  ADD KEY `consultorio_id` (`consultorio_id`);

--
-- Indices de la tabla `habitacion`
--
ALTER TABLE `habitacion`
  ADD PRIMARY KEY (`id`);

--
-- Indices de la tabla `historial_medico`
--
ALTER TABLE `historial_medico`
  ADD PRIMARY KEY (`id`),
  ADD KEY `id_paciente` (`id_paciente`),
  ADD KEY `id_profesion` (`id_profesion`);

--
-- Indices de la tabla `observacion`
--
ALTER TABLE `observacion`
  ADD PRIMARY KEY (`id`),
  ADD KEY `paciente_id` (`paciente_id`),
  ADD KEY `trabajador_id` (`trabajador_id`),
  ADD KEY `habitacion_id` (`habitacion_id`);

--
-- Indices de la tabla `pacientes`
--
ALTER TABLE `pacientes`
  ADD PRIMARY KEY (`id`),
  ADD UNIQUE KEY `dni` (`dni`),
  ADD UNIQUE KEY `email` (`email`),
  ADD KEY `tipoSangreId` (`tipoSangreId`);

--
-- Indices de la tabla `profesiones`
--
ALTER TABLE `profesiones`
  ADD PRIMARY KEY (`id`);

--
-- Indices de la tabla `reporte`
--
ALTER TABLE `reporte`
  ADD PRIMARY KEY (`id`),
  ADD KEY `id_factura` (`id_factura`);

--
-- Indices de la tabla `roles_trabajadores`
--
ALTER TABLE `roles_trabajadores`
  ADD PRIMARY KEY (`id`);

--
-- Indices de la tabla `signos_vitales`
--
ALTER TABLE `signos_vitales`
  ADD PRIMARY KEY (`id`),
  ADD KEY `paciente_id` (`paciente_id`);

--
-- Indices de la tabla `tipoSangre`
--
ALTER TABLE `tipoSangre`
  ADD PRIMARY KEY (`id`);

--
-- Indices de la tabla `trabajadores`
--
ALTER TABLE `trabajadores`
  ADD PRIMARY KEY (`id`),
  ADD UNIQUE KEY `dni` (`dni`),
  ADD UNIQUE KEY `email` (`email`),
  ADD KEY `tipoSangreId` (`tipoSangreId`),
  ADD KEY `roleId` (`roleId`),
  ADD KEY `profesionId` (`profesionId`);

--
-- AUTO_INCREMENT de las tablas volcadas
--

--
-- AUTO_INCREMENT de la tabla `consultorio`
--
ALTER TABLE `consultorio`
  MODIFY `id` int(11) NOT NULL AUTO_INCREMENT, AUTO_INCREMENT=2;

--
-- AUTO_INCREMENT de la tabla `departamento`
--
ALTER TABLE `departamento`
  MODIFY `id` int(11) NOT NULL AUTO_INCREMENT, AUTO_INCREMENT=3;

--
-- AUTO_INCREMENT de la tabla `examenes`
--
ALTER TABLE `examenes`
  MODIFY `id` int(11) NOT NULL AUTO_INCREMENT, AUTO_INCREMENT=4;

--
-- AUTO_INCREMENT de la tabla `examenes_resultados`
--
ALTER TABLE `examenes_resultados`
  MODIFY `id` int(11) NOT NULL AUTO_INCREMENT, AUTO_INCREMENT=84;

--
-- AUTO_INCREMENT de la tabla `factura`
--
ALTER TABLE `factura`
  MODIFY `id` int(11) NOT NULL AUTO_INCREMENT, AUTO_INCREMENT=36;

--
-- AUTO_INCREMENT de la tabla `habitacion`
--
ALTER TABLE `habitacion`
  MODIFY `id` int(11) NOT NULL AUTO_INCREMENT, AUTO_INCREMENT=2;

--
-- AUTO_INCREMENT de la tabla `historial_medico`
--
ALTER TABLE `historial_medico`
  MODIFY `id` int(11) NOT NULL AUTO_INCREMENT, AUTO_INCREMENT=37;

--
-- AUTO_INCREMENT de la tabla `observacion`
--
ALTER TABLE `observacion`
  MODIFY `id` int(11) NOT NULL AUTO_INCREMENT, AUTO_INCREMENT=119;

--
-- AUTO_INCREMENT de la tabla `pacientes`
--
ALTER TABLE `pacientes`
  MODIFY `id` int(11) NOT NULL AUTO_INCREMENT, AUTO_INCREMENT=95;

--
-- AUTO_INCREMENT de la tabla `profesiones`
--
ALTER TABLE `profesiones`
  MODIFY `id` int(11) NOT NULL AUTO_INCREMENT, AUTO_INCREMENT=4;

--
-- AUTO_INCREMENT de la tabla `reporte`
--
ALTER TABLE `reporte`
  MODIFY `id` int(11) NOT NULL AUTO_INCREMENT, AUTO_INCREMENT=2;

--
-- AUTO_INCREMENT de la tabla `roles_trabajadores`
--
ALTER TABLE `roles_trabajadores`
  MODIFY `id` int(11) NOT NULL AUTO_INCREMENT, AUTO_INCREMENT=4;

--
-- AUTO_INCREMENT de la tabla `signos_vitales`
--
ALTER TABLE `signos_vitales`
  MODIFY `id` int(11) NOT NULL AUTO_INCREMENT, AUTO_INCREMENT=144;

--
-- AUTO_INCREMENT de la tabla `tipoSangre`
--
ALTER TABLE `tipoSangre`
  MODIFY `id` int(11) NOT NULL AUTO_INCREMENT, AUTO_INCREMENT=10;

--
-- AUTO_INCREMENT de la tabla `trabajadores`
--
ALTER TABLE `trabajadores`
  MODIFY `id` int(11) NOT NULL AUTO_INCREMENT, AUTO_INCREMENT=33;

--
-- Restricciones para tablas volcadas
--

--
-- Filtros para la tabla `consultorio`
--
ALTER TABLE `consultorio`
  ADD CONSTRAINT `consultorio_ibfk_4` FOREIGN KEY (`id_departamento`) REFERENCES `departamento` (`id`);

--
-- Filtros para la tabla `examenes_resultados`
--
ALTER TABLE `examenes_resultados`
  ADD CONSTRAINT `examenes_resultados_ibfk_1` FOREIGN KEY (`paciente_id`) REFERENCES `pacientes` (`id`),
  ADD CONSTRAINT `examenes_resultados_ibfk_2` FOREIGN KEY (`trabajador_id`) REFERENCES `trabajadores` (`id`),
  ADD CONSTRAINT `examenes_resultados_ibfk_3` FOREIGN KEY (`examenes_id`) REFERENCES `examenes` (`id`);

--
-- Filtros para la tabla `factura`
--
ALTER TABLE `factura`
  ADD CONSTRAINT `factura_ibfk_1` FOREIGN KEY (`paciente_id`) REFERENCES `pacientes` (`id`),
  ADD CONSTRAINT `factura_ibfk_2` FOREIGN KEY (`trabajador_id`) REFERENCES `trabajadores` (`id`),
  ADD CONSTRAINT `factura_ibfk_3` FOREIGN KEY (`habitacion_id`) REFERENCES `habitacion` (`id`),
  ADD CONSTRAINT `factura_ibfk_4` FOREIGN KEY (`observacion_id`) REFERENCES `observacion` (`id`),
  ADD CONSTRAINT `factura_ibfk_5` FOREIGN KEY (`consultorio_id`) REFERENCES `consultorio` (`id`);

--
-- Filtros para la tabla `historial_medico`
--
ALTER TABLE `historial_medico`
  ADD CONSTRAINT `historial_medico_ibfk_4` FOREIGN KEY (`id_paciente`) REFERENCES `pacientes` (`id`),
  ADD CONSTRAINT `historial_medico_ibfk_5` FOREIGN KEY (`id_profesion`) REFERENCES `profesiones` (`id`);

--
-- Filtros para la tabla `observacion`
--
ALTER TABLE `observacion`
  ADD CONSTRAINT `observacion_ibfk_2` FOREIGN KEY (`paciente_id`) REFERENCES `pacientes` (`id`),
  ADD CONSTRAINT `observacion_ibfk_3` FOREIGN KEY (`trabajador_id`) REFERENCES `trabajadores` (`id`),
  ADD CONSTRAINT `observacion_ibfk_4` FOREIGN KEY (`habitacion_id`) REFERENCES `habitacion` (`id`);

--
-- Filtros para la tabla `pacientes`
--
ALTER TABLE `pacientes`
  ADD CONSTRAINT `pacientes_ibfk_2` FOREIGN KEY (`tipoSangreId`) REFERENCES `tipoSangre` (`id`);

--
-- Filtros para la tabla `reporte`
--
ALTER TABLE `reporte`
  ADD CONSTRAINT `reporte_ibfk_2` FOREIGN KEY (`id_factura`) REFERENCES `factura` (`id`);

--
-- Filtros para la tabla `signos_vitales`
--
ALTER TABLE `signos_vitales`
  ADD CONSTRAINT `signos_vitales_ibfk_2` FOREIGN KEY (`paciente_id`) REFERENCES `pacientes` (`id`);

--
-- Filtros para la tabla `trabajadores`
--
ALTER TABLE `trabajadores`
  ADD CONSTRAINT `trabajadores_ibfk_2` FOREIGN KEY (`tipoSangreId`) REFERENCES `tipoSangre` (`id`),
  ADD CONSTRAINT `trabajadores_ibfk_5` FOREIGN KEY (`roleId`) REFERENCES `roles_trabajadores` (`id`),
  ADD CONSTRAINT `trabajadores_ibfk_6` FOREIGN KEY (`profesionId`) REFERENCES `profesiones` (`id`);
COMMIT;

/*!40101 SET CHARACTER_SET_CLIENT=@OLD_CHARACTER_SET_CLIENT */;
/*!40101 SET CHARACTER_SET_RESULTS=@OLD_CHARACTER_SET_RESULTS */;
/*!40101 SET COLLATION_CONNECTION=@OLD_COLLATION_CONNECTION */;
